{
  "project_info": {
    "project_number": "126473748315",
    "firebase_url": "https://table-log.firebaseio.com",
    "project_id": "table-log",
    "storage_bucket": "table-log.appspot.com"
  },
  "client": [
    {
      "client_info": {
        "mobilesdk_app_id": "1:126473748315:android:b4c5fa2b38289b8016647e",
        "android_client_info": {
          "package_name": "com.namit.kumar.restrauntbooking"
        }
      },
      "oauth_client": [
        {
          "client_id": "126473748315-e7382f83gpv9pkdrrdlhh4ic8i64g0e0.apps.googleusercontent.com",
          "client_type": 1,
          "android_info": {
            "package_name": "com.namit.kumar.restrauntbooking",
            "certificate_hash": "5751bbc79a3bebf0fa4858277673f178b3a54a65"
          }
        },
        {
          "client_id": "126473748315-i0vbllitcjlc72n957voh5rp2d10rq5q.apps.googleusercontent.com",
          "client_type": 3
        }
      ],
      "api_key": [
        {
          "current_key": "AIzaSyB3UIY0xPModrNKOfpQDVjJKbC0ikIdsCw"
        }
      ],
      "services": {
        "appinvite_service": {
          "other_platform_oauth_client": [
            {
              "client_id": "126473748315-i0vbllitcjlc72n957voh5rp2d10rq5q.apps.googleusercontent.com",
              "client_type": 3
            }
          ]
        }
      }
    }
  ],
  "configuration_version": "1"
}